code,nom_qp,insee_com,lib_com
QP001005,Les Courbes De L'Albarine,1004,Ambérieu-en-Bugey
QP001006,La Plaine - La Forge,1283,Oyonnax
QP001007,Pré Des Saules,1031,Bellignat
QP001008,Brillat - Savarin,1034,Belley
QP001001,Grande Reyssouze Terre Des Fleurs,1053,Bourg-en-Bresse
QP001002,Croix Blanche,1053,Bourg-en-Bresse
QP001003,Quartier Jacques Prévert,,
QP001004,Levant - Tattes,,
QP001009,Maladière,1262,Montluel
QP002016,Blanchard,2168,Château-Thierry
QP002017,Vaucrises,2168,Château-Thierry
QP002008,Roosevelt Rebequet,2738,Tergnier
QP002009,Quartier De La Résidence,2173,Chauny
QP002007,Quartier De L'Artilleur,2304,La Fère
QP002005,Champ Roland Et Bords De L'Oise,2381,Hirson
QP002006,Gare Et Verrière,2381,Hirson
QP002010,Montreuil,2408,Laon
QP002011,Champagne Moulin - Roux,2408,Laon
QP002001,Europe,02571; 02691,Omissy; Saint-Quentin
QP002002,Faubourg D'Isle,2691,Saint-Quentin
QP002003,Neuville,2691,Saint-Quentin
QP002004,Vermandois,2691,Saint-Quentin
QP002012,Saint-Crépin Ouest,2722,Soissons
QP002013,Presles,2722,Soissons
QP002014,Chevreux,2722,Soissons
QP002015,Route De Vivières,2810,Villers-Cotterêts
QP003001,Coeur D'Agglo,03095; 03310,Cusset; Vichy
QP003002,Les Ailes,3310,Vichy
QP003004,Rive Gauche,3185,Montluçon
QP003005,Fontbouillant,03185; 03211,Montluçon; Prémilhat
QP003006,Bien-Assis,03101; 03185,Domérat; Montluçon
QP003003,Moulins-Sud,3190,Moulins
QP004001,Centre Ville - Pigeonnier,4070,Digne-les-Bains
QP004002,Centre Ville - Saint-Lazare,4112,Manosque
QP004003,Arc Serrets - Plantiers - Aliziers,4112,Manosque
QP005001,Haut - Gap,5061,Gap
QP006003,Ranguin-Frayère,06029; 06030,Cannes; Le Cannet
QP006004,Genêts - Oliviers - Saint-Pierre,06029; 06030,Cannes; Le Cannet
QP006001,Las Planas,6088,Nice
QP006008,Centre,6033,Carros
QP006009,Résidence Sociale Nicéa,,
QP006010,Les Moulins - Le Point Du Jour,06088; 06123,Nice; Saint-Laurent-du-Var
QP006011,Les Sagnes,6088,Nice
QP006012,Centre,6088,Nice
QP006013,Paillon,6088,Nice
QP006014,Ariane - Le Manoir,06088; 06114; 06149,Nice; Saint-André-de-la-Roche; La Trinité
QP006015,Palais Des Expositions,,
QP006016,Centre,6157,Vence
QP006007,La Condamine,6054,Drap
QP006005,Grand Centre,6069,Grasse
QP006006,Les Fleurs De Grasse,6069,Grasse
QP006002,Coeur De Ville - Hauts De Vallauris,6155,Vallauris
QP007004,Les Hauts De Ville,7010,Annonay
QP007001,Le Contrat Ville Des Quartiers D'Avenir D'Aubenas,7019,Aubenas
QP007005,Nouvel Horizon,7186,Privas
QP007002,Coeur De Ville,7319,Le Teil
QP007003,Sud Avenir,7319,Le Teil
QP008001,Manchester,8105,Charleville-Mézières
QP008002,Ronde Couture,8105,Charleville-Mézières
QP008003,La Houillère,8105,Charleville-Mézières
QP008004,La Couronne,8105,Charleville-Mézières
QP008005,Torcy Cités,8409,Sedan
QP008006,Torcy Centre,8409,Sedan
QP008007,Le Lac - Centre Ancien,8409,Sedan
QP008008,Coeur De Vie,8362,Rethel
QP009002,Centre Ancien,9122,Foix
QP009003,Centre Ancien - La Gloriette,9225,Pamiers
QP009001,Coeur De Ville,9261,Saint-Girons
QP010001,Gare,10387,Troyes
QP010002,Bords De Seine,10387,Troyes
QP010003,Chantereigne Montvilliers Beau-Toquat,10081; 10265; 10387,La Chapelle-Saint-Luc; Les Noës-près-Troyes; Troyes
QP010004,Debussy,10297,Pont-Sainte-Marie
QP010005,Maugout,10333,Saint-André-les-Vergers
QP010006,Chartreux,10060; 10343; 10387,Bréviandes; Saint-Julien-les-Villas; Troyes
QP010007,Jules Guesde,10387,Troyes
QP010008,Sénardes,10387,Troyes
QP010009,Point Du Jour,10387,Troyes
QP010010,Quartier Des Lumières - Alfred Boucher,10323,Romilly-sur-Seine
QP011002,La Conte - Ozanam,11069,Carcassonne
QP011003,Le Viguier - Saint-Jacques,11069,Carcassonne
QP011004,Bastide Pont-Vieux,11069,Carcassonne
QP011005,Fleming La Reille,11069,Carcassonne
QP011006,Grazailles,11069,Carcassonne
QP011010,Centre Ville,11203,Lézignan-Corbières
QP011001,Quartier Aude,11206,Limoux
QP011007,Narbonne Ouest,11262,Narbonne
QP011008,Narbonne Centre,11262,Narbonne
QP011009,Narbonne Est,11262,Narbonne
QP012001,Quatre Saisons,12176,Onet-le-Château
QP012002,La Bastide,12300,Villefranche-de-Rouergue
QP013004,Notre-Dame,,
QP013014,Jas-De-Bouffan,13001,Aix-en-Provence
QP013015,Beisson,13001,Aix-en-Provence
QP013016,Encagnane,13001,Aix-en-Provence
QP013017,Corsy,13001,Aix-en-Provence
QP013018,Secteur Centre,13117,Vitrolles
QP013019,La Frescoule,13117,Vitrolles
QP013010,Griffeuille,13004,Arles
QP013011,Barriol,13004,Arles
QP013012,Le Trébon,13004,Arles
QP013013,Centre Historique - Ferrages,13108,Tarascon
QP013020,Le Charrel,13005,Aubagne
QP013041,Les Escourtines,13055; 13070,Marseille; La Penne-sur-Huveaune
QP013002,Quartier Centre Ville,13014,Berre-l'Étang
QP013028,Quartier Béalet-Bessons-Mariélie,13014,Berre-l'Étang
QP013029,Les Canourgues,13103,Salon-de-Provence
QP013030,La Monaque,13103,Salon-de-Provence
QP013006,Roquecoquille,13027,Châteaurenard
QP013026,Centre Ancien,,
QP013027,Centre Historique,13067,Orgon
QP013061,Le Prépaou,13047,Istres
QP013062,La Carraire,13063,Miramas
QP013063,La Maille,13063,Miramas
QP013001,Florida Parc,13054,Marignane
QP013003,Saint Henri,13055,Marseille
QP013005,La Viste,13055,Marseille
QP013007,La Gavotte - Peyret,13106,Septèmes-les-Vallons
QP013008,Château Saint Loup,13055,Marseille
QP013009,La Capelette,13055,Marseille
QP013031,Centre ville,13054,Marignane
QP013032,Centre Ville Canet Arnavaux Jean Jaurès,13055,Marseille
QP013033,La Cravache Le Trioulet,13055,Marseille
QP013034,La Cayolle,13055,Marseille
QP013035,La Sauvagère,13055,Marseille
QP013036,Benza,13055,Marseille
QP013037,Saint Thys,13055,Marseille
QP013038,Air Bel,13055,Marseille
QP013039,La Rouguière,13055,Marseille
QP013040,Valbarelle Néréïdes Bosquet,13055,Marseille
QP013042,Malpassé Corot,13055,Marseille
QP013043,Balustres Cerisaie,13055,Marseille
QP013044,Frais Vallon Le Clos La Rose,13055,Marseille
QP013045,Le Petit Séminaire,13055,Marseille
QP013046,La Marie,13055,Marseille
QP013047,Les Olives,13055,Marseille
QP013048,La Simiane La Paternelle,13055,Marseille
QP013049,Bon Secours Les Rosiers Marine Bleue Grand Saint Barthélémy Saint Jérôme,13055,Marseille
QP013050,Le Castellas Les Micocouliers Saint Joseph,13055,Marseille
QP013051,La Castellane La Bricarde Plan D'Aou Saint Antoine,13055,Marseille
QP013052,Consolat Ruisseau Mirabeau,13055,Marseille
QP013053,La Calade Campagne Lévèque,13055,Marseille
QP013054,Les Aygalades,13055,Marseille
QP013055,Kalliste La Granière La Solidarité,13055,Marseille
QP013056,La Savine,13055,Marseille
QP013057,Les Tilleuls La Maurelette,13055,Marseille
QP013058,La Cabucelle,13055,Marseille
QP013059,La Visitation - Bassens,13055,Marseille
QP013060,Saint André,13055,Marseille
QP013064,La Soude Bengale,13055,Marseille
QP013065,Caillols La Moularde,13055,Marseille
QP013021,Mas de Pouane,13056,Martigues
QP013022,Notre Dame Des Marins,13056,Martigues
QP013023,Canto Perdrix,13056,Martigues
QP013024,Les Aigues Douces,13077,Port-de-Bouc
QP013025,Les Comtes,13077,Port-de-Bouc
QP014001,Chemin Vert,14118,Caen
QP014002,Grâce De Dieu,14118; 14271,Caen; Fleury-sur-Orne
QP014003,Guérinière,14118; 14341,Caen; Ifs
QP014004,Pierre Heuzé,14118,Caen
QP014005,Calvaire Saint Pierre,14118,Caen
QP014006,Centre Ville,,
QP014007,Grande Delle - Val - Belles Portes - Grand Parc - Haute Folie,14327,Hérouville-Saint-Clair
QP014008,Canteloup - Marronniers - Honfleur,14333,Honfleur
QP014009,Hauteville,14366,Lisieux
QP015001,Aurillac Sud,15014,Aurillac
QP016001,Basseau - Grande Garenne,16015,Angoulême
QP016002,Ma Campagne,16015,Angoulême
QP016003,Bel Air - La Grand Font,16015,Angoulême
QP016004,L'Etang Des Moines,16113,La Couronne
QP016005,Champ De Manoeuvre,16374,Soyaux
QP016006,Crouin,16102,Cognac
QP017004,Centre Ville - Avant-Garde,17299,Rochefort
QP017005,Le Petit Marseille,17299,Rochefort
QP017001,Mireuil,17300,La Rochelle
QP017002,Villeneuve-Les-Salines,17300,La Rochelle
QP017007,Port-Neuf,17300,La Rochelle
QP017006,Eco quartier l'Yeuse-La Robinière,17306,Royan
QP017003,Bellevue - Boiffiers,17415,Saintes
QP018001,Bourges Nord,18033,Bourges
QP018002,Val D'Auron - Bourges,18033,Bourges
QP018003,Le Vernet - Saint Amand Montrond,18197,Saint-Amand-Montrond
QP018004,Clos Du Roy - Centre Ville - Vierzon,18279,Vierzon
QP019001,Rivet,19031,Brive-la-Gaillarde
QP019002,Tujac,19031,Brive-la-Gaillarde
QP019003,Les Chapélies,19031,Brive-la-Gaillarde
QP021001,Saint Jacques,,
QP021002,Le Mail,21166,Chenôve
QP021003,Fontaine D'Ouche,21231,Dijon
QP021004,Les Grésilles,21231,Dijon
QP021005,Le Bief Du Moulin,21355,Longvic
QP021006,Le Belvédère,21617,Talant
QP022007,La Fontaine Des Eaux,22050,Dinan
QP022001,Ar Santé - Les Fontaines,22113,Lannion
QP022002,Ker Uhel,22113,Lannion
QP022003,Iroise,,
QP022004,Croix Saint-Lambert - Ville Oger,22278,Saint-Brieuc
QP022005,Le Plateau - Europe - Balzac,22278,Saint-Brieuc
QP022006,Point Du Jour,22278,Saint-Brieuc
QP023001,L'Albatros,23096,Guéret
QP024001,Rive Gauche,24037,Bergerac
QP024002,Quartier Des Deux Rives,24037,Bergerac
QP024003,Quartier Nord,24037,Bergerac
QP024004,Chamiers,24138,Coulounieix-Chamiers
QP024005,La Boucle De L'Isle,24138; 24322,Coulounieix-Chamiers; Périgueux
QP025007,Les Champs Montants,25031,Audincourt
QP025008,Champvallon,25057,Bethoncourt
QP025009,Les Fougères,25284,Grand-Charmont
QP025010,Chiffogne,25388,Montbéliard
QP025011,Petite Hollande,25388,Montbéliard
QP025012,Les Evoironnes,25547,Sochaux
QP025013,Les Buis,25580,Valentigney
QP025002,Grette,,
QP025003,Orchamps - Palente,25056,Besançon
QP025004,Planoise,25056,Besançon
QP025005,Montrapon,25056,Besançon
QP025006,Clairs Soleils,25056,Besançon
QP025001,Le Grand Longs Traits,25462,Pontarlier
QP026011,Coeur De Loriol,26325,Saint-Rambert-d'Albon
QP026002,Quartiers Ouest,26198,Montélimar
QP026003,Nocaze,26198,Montélimar
QP026004,Centre Ancien,26198,Montélimar
QP026010,Le Roc,26235,Pierrelatte
QP026001,Centre Ancien,26281,Romans-sur-Isère
QP026005,Quartier Est,26281,Romans-sur-Isère
QP026006,Polygone,26362,Valence
QP026007,Les Hauts De Valence,26362,Valence
QP026008,Valensoles,26362,Valence
QP026009,Chamberlière,26362,Valence
QP026012,Clairval,26166,Loriol-sur-Drôme
QP027009,Le Bourg Le Comte,27056,Bernay
QP027003,La Madeleine,27229,Évreux
QP027004,Nétreville,27229,Évreux
QP027005,Navarre,27229,Évreux
QP027006,Maison-Rouge,27375,Louviers
QP027007,Acacias - La Londe - Les Oiseaux,27375,Louviers
QP027008,Centre Ville,27701,Val-de-Reuil
QP027010,L'Europe,27467,Pont-Audemer
QP027011,La Passerelle,27467,Pont-Audemer
QP027001,Valmeux - Blanchères,27681,Vernon
QP027002,Boutardes,27681,Vernon
QP028002,Quartier Des Clos,28085,Chartres
QP028003,Vieux Puits,28218,Lucé
QP028004,Bruxelles - Arcades - Béguines,28218,Lucé
QP028005,Tallemont - Bretagne,28229,Mainvilliers
QP028009,Camus - Schweitzer,28088,Châteaudun
QP028001,Les Vauvettes,28404,Vernouillet
QP028006,Les Bâtes Tabellionne,28134; 28404,Dreux; Vernouillet
QP028007,Les Rochelles - Barthou,28134,Dreux
QP028008,Dunant - Kennedy,28134,Dreux
QP028010,Le Val,28280,Nogent-le-Rotrou
QP029003,Kerourien,29019,Brest
QP029004,Bellevue,29019,Brest
QP029005,Keredern,29019,Brest
QP029006,Lambezellec Bourg,29019,Brest
QP029007,Pontanezen,29019,Brest
QP029008,Queliverzan Pontaniou,29019,Brest
QP029009,Kerangoff Loti,29019,Brest
QP029001,Kerandon,29039,Concarneau
QP029002,Kermoysan,29232,Quimper
QP030001,Près Saint Jean - Cévennes - Tamaris - Cauvel-la Royale - Rochebelle - Centre ville,30007,Alès
QP030002,Centre Ville,30010,Anduze
QP030010,Escanaux - Coronelle - Citadelle - Vigan Braquet,30028,Bagnols-sur-Cèze
QP030011,Centre Ville,30202,Pont-Saint-Esprit
QP030012,La Moulinelle,30032,Beaucaire
QP030013,Centre Ville,30032,Beaucaire
QP030016,Centre Ville - Arboux,30051; 30132; 30307,Branoux-les-Taillades; La Grand-Combe; Les Salles-du-Gardon
QP030017,Trescol - La Levade,30051; 30132; 30307,Branoux-les-Taillades; La Grand-Combe; Les Salles-du-Gardon
QP030003,Pissevin - Valdegour,30189,Nîmes
QP030004,Gambetta-Richelieu,30189,Nîmes
QP030005,Chemin-Bas D'Avignon - Clos D'Orville,30189,Nîmes
QP030006,Mas De Mingue,30189,Nîmes
QP030007,Route De Beaucaire,30189,Nîmes
QP030008,Némausus-Jonquilles - Haute Magaille - Oliviers,30189,Nîmes
QP030009,Sabatot - Centre Ancien,30258,Saint-Gilles
QP030014,L'Ecusson,30227,Saint-Ambroix
QP030018,Quartier Prioritaire D'Uzès,30334,Uzès
QP030015,Les Costières,30341,Vauvert
QP031004,Barradels,31069,Blagnac
QP031005,Val D'Aran - Poitou - Pyrénées,31149,Colomiers
QP031006,Pradettes,31555,Toulouse
QP031007,Grand Mirail,31555,Toulouse
QP031008,Arènes,31555,Toulouse
QP031009,Bourbaki,,
QP031010,Empalot,31555,Toulouse
QP031011,Les Izards - La Vache,31555,Toulouse
QP031012,Cépière Beauregard,31555,Toulouse
QP031013,Saint Exupéry,31555,Toulouse
QP031014,Soupetard,31555,Toulouse
QP031015,Rangueil,,
QP031016,En Jacca,31149,Colomiers
QP031017,Vivier Maçon,31157,Cugnaux
QP031018,Négreneys,,
QP031019,La Gloire,31555,Toulouse
QP031001,Saint Jean,31395,Muret
QP031002,Centre Ouest,31395,Muret
QP031003,Coeur De Ville,31483,Saint-Gaudens
QP032001,Grand Garros,32013,Auch
QP033001,Quartier Champ De Course,33069; 33162,Le Bouscat; Eysines
QP033002,Yser - Pont De Madame,33281,Mérignac
QP033005,Quartier De L'Avenir,33032,Bassens
QP033006,Carle Vernet -Terres Neuves,33039; 33063,Bègles; Bordeaux
QP033007,Le Lac,33063,Bordeaux
QP033008,Saint-Michel,33063,Bordeaux
QP033009,Benauge - Henri Sellier - Léo Lagrange,33063; 33119,Bordeaux; Cenon
QP033010,Grand-Parc,33063,Bordeaux
QP033011,Bacalan,33063,Bordeaux
QP033012,Palmer - Saraillère - 8 Mai 45 - Dravemont,33119; 33167,Cenon; Floirac
QP033013,Grand Caillou,33162,Eysines
QP033014,Jean-Jaurès,33167,Floirac
QP033015,Barthez,33192,Gradignan
QP033016,Carriet,33249,Lormont
QP033017,Génicart Est,33249,Lormont
QP033018,Alpilles-Vincennes-Bois Fleuri,33249,Lormont
QP033019,Beaudésert,33281,Mérignac
QP033020,Châtaigneraie - Arago,33318,Pessac
QP033021,Saige,33318,Pessac
QP033022,Thouars,33522,Talence
QP033023,Paty Monmousseau,33039,Bègles
QP033003,Quartier Du centre,33138,Coutras
QP033004,Quartier Bourg,33324; 33402,Pineuilh; Sainte-Foy-la-Grande
QP034019,Centre Ville,34003,Agde
QP034020,Centre Ville,34028,Bédarieux
QP034001,Centre Ville,34032,Béziers
QP034002,Iranget Grangette,34032,Béziers
QP034003,Devèze,34032,Béziers
QP034016,Les Deux Pins,34108,Frontignan
QP034017,Ile De Thau,34301,Sète
QP034018,Centre Ville - Ile Sud,34301,Sète
QP034004,Celleneuve,34172,Montpellier
QP034005,Mosson,34172,Montpellier
QP034006,Petit Bard Pergola,34172,Montpellier
QP034007,Pas Du Loup - Val De Croze,34172,Montpellier
QP034008,Cévennes,34172,Montpellier
QP034009,Gély,34172,Montpellier
QP034010,Figuerolles,34172,Montpellier
QP034011,Lemasson,34172,Montpellier
QP034012,Près D'Arènes,34172,Montpellier
QP034013,Pompignane,34172,Montpellier
QP034014,Aiguelongue,34172,Montpellier
QP034015,Vert-Bois,,
QP034022,Centre Ville,34142,Lodève
QP034021,Centre Et Périphérie,34145,Lunel
QP035007,Bellevue,,
QP035002,Villejean,35238,Rennes
QP035003,Les Clôteaux - Champs Manceaux,35238,Rennes
QP035004,Maurepas,35238,Rennes
QP035005,Le Blosne,35238,Rennes
QP035006,Cleunay,35238,Rennes
QP035001,La Découverte,35288,Saint-Malo
QP036001,Beaulieu,36044,Châteauroux
QP036002,Saint Jean - Saint Jacques,36044,Châteauroux
QP036003,Vaugirard - Saint Christophe,36044,Châteauroux
QP036004,Nation Bernardines,36088,Issoudun
QP037001,La Verrerie,37003,Amboise
QP037012,Patte D'Oie - Malétrenne - Plaisance,37003,Amboise
QP037002,Rabière,37122,Joué-lès-Tours
QP037003,Niqueux Bruère - Marcel Pagnol,37195,La Riche
QP037004,Rabaterie,37233,Saint-Pierre-des-Corps
QP037005,Fontaines,37261,Tours
QP037006,Rochepinard,37261,Tours
QP037007,Rives Du Cher,37261,Tours
QP037008,Europe,37261,Tours
QP037009,Sanitas,37261,Tours
QP037010,Maryse Bastié,37261,Tours
QP037011,Bords De Loire,37261,Tours
QP038002,Champaret,38053,Bourgoin-Jallieu
QP038013,Champfleuri,38053,Bourgoin-Jallieu
QP038014,Saint Hubert,38193,L'Isle-d'Abeau
QP038015,Saint Bonnet,38553,Villefontaine
QP038016,Les Roches,38553,Villefontaine
QP038021,Barbières,38087,Chasse-sur-Rhône
QP038022,Plan Des Aures,38318,Pont-Évêque
QP038023,Estressin,38544,Vienne
QP038024,Vallée De Gère,38544,Vienne
QP038025,Les Genêts Cancane Charlemagne,38318; 38544,Pont-Évêque; Vienne
QP038026,Malissol,38544,Vienne
QP038020,Belmont Moulin Villette,,
QP038001,La Luire - Viscose,38151,Échirolles
QP038003,Essarts - Surieux,38151,Échirolles
QP038004,Village Sud,38151,Échirolles
QP038005,Alpes Mail Cachin,38169,Fontaine
QP038006,Mistral Lys Rouge Camine,38185,Grenoble
QP038007,Villeneuve - Village Olympique,38185,Grenoble
QP038008,Teisseire Abbaye Jouhaux Châtelet,38185,Grenoble
QP038009,Alma - Très Cloîtres - Chenoise,38185,Grenoble
QP038010,Iles De Mars Olympiades,38317,Le Pont-de-Claix
QP038011,Renaudie - Champberton - La Plaine,38421,Saint-Martin-d'Hères
QP038018,Vieux Péages - Les Ayencins,38298; 38344,Le Péage-de-Roussillon; Roussillon
QP038019,Route De Sablons,38298; 38344,Le Péage-de-Roussillon; Roussillon
QP038017,La Plaine,,
QP038012,Brunetière,38563,Voiron
QP039001,Mesnils Pasteur,39198,Dole
QP039002,Marjorie - Les Mouillères,39300,Lons-le-Saunier
QP039003,Les Avignonnets,39478,Saint-Claude
QP039004,Chabot - Le Miroir,39478,Saint-Claude
QP040001,Le Sablar,40088,Dax
QP040002,Cuyès,40088,Dax
QP040003,Le Gond,40088,Dax
QP040004,Le Peyrouat,40192,Mont-de-Marsan
QP040005,La Moustey,40281,Saint-Pierre-du-Mont
QP041001,Kennedy - Coty - Croix Chevallier - Sarrazines,41018,Blois
QP041003,Les Favignolles,41194,Romorantin-Lanthenay
QP041002,Les Rottes,41269,Vendôme
QP042002,La Chapelle,42005,Andrézieux-Bouthéon
QP042003,La Romière,42044,Le Chambon-Feugerolles
QP042004,Montrambert Méline,42044; 42183,Le Chambon-Feugerolles; La Ricamarie
QP042005,Le Dorlay - Les Pins - La Bachasse,42103; 42271,La Grand-Croix; Saint-Paul-en-Jarez
QP042006,Montcel - Centre Ville,42183,La Ricamarie
QP042007,Grand Pont,42186,Rive-de-Gier
QP042008,Centre Ville,42186,Rive-de-Gier
QP042009,Centre Ville,42207,Saint-Chamond
QP042010,St Julien - Crêt De L'Oeillet,42207,Saint-Chamond
QP042011,Cotonne Montferré,42218,Saint-Étienne
QP042012,Tarentaize Beaubrun,42218,Saint-Étienne
QP042013,Montreynaud,42218,Saint-Étienne
QP042014,Crêt De Roc - Soleil,42218,Saint-Étienne
QP042015,Quartiers Sud-Est,42218,Saint-Étienne
QP042016,Terrenoire,42218,Saint-Étienne
QP042001,Beauregard,42147,Montbrison
QP042017,Bourgogne,42187,Roanne
QP042018,Le Parc,42187,Roanne
QP042019,Mayollet,42187,Roanne
QP043001,Val Vert,43157,Le Puy-en-Velay
QP043002,Guitard,43157,Le Puy-en-Velay
QP044004,La Ville Aux Roses,44036,Châteaubriant
QP044005,Bellevue,44109; 44162,Nantes; Saint-Herblain
QP044006,Les Dervallières,44109,Nantes
QP044007,Le Breil,44109,Nantes
QP044008,Bout Des Landes - Bout Des Pavés - Chêne Des anglais,44109,Nantes
QP044009,La Boissière,44109,Nantes
QP044010,Port Boyer,44109,Nantes
QP044011,Le Clos Toreau,44109,Nantes
QP044012,Le Ranzay,44109,Nantes
QP044013,Malakoff,44109,Nantes
QP044014,Bottière Pin Sec,44109,Nantes
QP044015,La Halvêque,44109,Nantes
QP044016,La Petite Sensive,44109,Nantes
QP044017,Plaisance,44114,Orvault
QP044018,Château,44143,Rezé
QP044019,Le Sillon De Bretagne,44162,Saint-Herblain
QP044001,Ville Ouest,44184,Saint-Nazaire
QP044002,Petit Caporal,44184,Saint-Nazaire
QP044003,Robespierre - Prézégat,44184,Saint-Nazaire
QP045002,Vésine,45068,Châlette-sur-Loing
QP045003,Le Plateau,45068; 45208; 45338,Châlette-sur-Loing; Montargis; Villemandeur
QP045004,La Chaussée,45208,Montargis
QP045005,Le Bourg - Chautemps,45068; 45208,Châlette-sur-Loing; Montargis
QP045001,Les Chaises,45285,Saint-Jean-de-la-Ruelle
QP045006,Le Clos De La Grande Salle,45147,Fleury-les-Aubrais
QP045007,Andrillons Ormes Du mail,45147,Fleury-les-Aubrais
QP045008,Lignerolles,45147,Fleury-les-Aubrais
QP045009,Dauphine,45234,Orléans
QP045010,La Source,45234,Orléans
QP045011,Argonne,45234,Orléans
QP045012,Blossières,45234,Orléans
QP045013,Pont Bordeaux,45284,Saint-Jean-de-Braye
QP045014,Les 3 Fontaines,45285,Saint-Jean-de-la-Ruelle
QP045016,Champ De La Ville,45155,Gien
QP045017,Montoire,45155,Gien
QP045018,Quartiers Nord,45252,Pithiviers
QP045019,Saint Aignan,45252,Pithiviers
QP045015,Le Hameau,45315,Sully-sur-Loire
QP046001,Terre Rouge,46042,Cahors
QP047001,Rodrigues - Barleté,47001,Agen
QP047002,Montanou,47001,Agen
QP047003,Pin,47001,Agen
QP047006,Baylac Gravette,47157,Marmande
QP047007,Coeur De ville,47310,Tonneins
QP047004,Bastide Au Bord Du Lot,47252,Sainte-Livrade-sur-Lot
QP047005,Bastide,47323,Villeneuve-sur-Lot
QP049001,Belle Beille,49007,Angers
QP049002,Roseraie,49007,Angers
QP049003,Savary,49007,Angers
QP049004,Grand Pigeon,49007,Angers
QP049005,Monplaisir,49007,Angers
QP049006,Hauts De Saint Aubin,49007,Angers
QP049007,Beauval Bedier Morellerie,49007,Angers
QP049008,Le Grand Bellevue,49353,Trélazé
QP049009,Bretagne Bostangis,49099,Cholet
QP049010,Jean Monnet,49099,Cholet
QP049011,Favreau Les Mauges,49099,Cholet
QP049012,Colline Villeneuve,49099,Cholet
QP049013,Chemin Vert - Hauts Quartiers,49328,Saumur
QP050001,La Turfaudière,50025,Avranches
QP050005,Les Provinces,50129,Cherbourg-en-Cotentin
QP050006,Maupas - Hautmarais - Brêche Du Bois,50129,Cherbourg-en-Cotentin
QP050007,Fourches - Charcot,50129,Cherbourg-en-Cotentin
QP050004,Claires Fontaines,50147,Coutances
QP050002,Val Saint Jean,50502,Saint-Lô
QP050003,La Dollée,50502,Saint-Lô
QP051001,Quartier Prioritaire Ouest,51108,Châlons-en-Champagne
QP051002,Quartier Prioritaire Sud,51108,Châlons-en-Champagne
QP051012,Bernon,51230,Épernay
QP051003,Croix Rouge,51454,Reims
QP051004,Wilson - Maison Blanche - Chatillons,51454,Reims
QP051005,Orgeval,51454,Reims
QP051006,Europe,51454,Reims
QP051007,Chalet - Solférino - Paul Petit,,
QP051008,Walbaum,51454,Reims
QP051009,Epinettes - Maladrerie - Chemin Des Bouchers,51454,Reims
QP051010,Le Hamois,51649,Vitry-le-François
QP051011,Rome Saint Charles,51649,Vitry-le-François
QP052001,Rochotte,52121,Chaumont
QP052002,Cavalier,52121,Chaumont
QP052003,Quartier Neuf,52269,Langres
QP052004,Vert-Bois,52448,Saint-Dizier
QP053001,Les Fourches,53130,Laval
QP053002,Kellermann,53130,Laval
QP053003,Pavement - Charité - Mortier - Murat,53130,Laval
QP054006,Quartier Les Mouettes,54115,Champigneulles
QP054007,Quartier La Penotte,54215,Frouard
QP054001,Mouzimpré,54184,Essey-lès-Nancy
QP054012,La Californie,54274,Jarville-la-Malgrange
QP054013,Les Provinces,54304,Laxou
QP054014,Plateau De Haye - Champ Le Boeuf,54304; 54357,Laxou; Maxéville
QP054015,Plateau De Haye Nancy - Maxéville,54357; 54395,Maxéville; Nancy
QP054016,Haussonville - Les Nations,54395; 54547,Nancy; Vanduvre-lès-Nancy
QP054017,Saint Michel Jéricho - Grands moulins,54339; 54395; 54482,Malzéville; Nancy; Saint-Max
QP054018,Coeur De Ville,54526,Tomblaine
QP054002,Gouraincourt - Remparts,54323,Longwy
QP054003,Concorde,54261,Herserange
QP054004,Quartier Voltaire,54323,Longwy
QP054005,Val Saint Martin,54382,Mont-Saint-Martin
QP054009,Centre Ancien,54329,Lunéville
QP054010,Niederbronn - Zola,54329,Lunéville
QP054008,Bois Le Prêtre - Procheville,54431,Pont-à-Mousson
QP054011,Quartier La Croix De Metz,54528,Toul
QP055001,Côte Sainte-Catherine,55029,Bar-le-Duc
QP055002,Planchettes,55545,Verdun
QP055003,Centre Verdun - Cité verte,55545,Verdun
QP056001,Gumenen Goaner - Parco Pointer,56007,Auray
QP056002,Les 3 K : Kennedy - Kergohic - Kerihouais,56083,Hennebont
QP056003,Centre Ville Kerfrehour,56098,Lanester
QP056004,Kervenanec Nord,56121,Lorient
QP056005,Polygone Frebault,56121,Lorient
QP056006,Bois Du Château,56121,Lorient
QP056007,Kerguillette Petit Paradis,56121,Lorient
QP056008,Kercado,56260,Vannes
QP056009,Ménimur,56260,Vannes
QP057002,La Cité,57058,Behren-lès-Forbach
QP057003,Wiesberg Hommel,57227,Forbach
QP057004,Bellevue,57227,Forbach
QP057016,Quartier Maroc,57160,Creutzwald
QP057017,Quartier Breckelberg Fatima,57160,Creutzwald
QP057005,Quartier Rémelange,57206,Fameck
QP057006,Quartier Ouest,57683,Uckange
QP057014,Cité Du Furst,57224; 57690,Folschviller; Valmont
QP057015,Carrière Wehneck,57606,Saint-Avold
QP057012,La Chapelle,57240; 57332,Freyming-Merlebach; Hombourg-Haut
QP057024,Les Chênes,57332,Hombourg-Haut
QP057013,Quartier République,57269,Guénange
QP057018,Bellecroix,57463,Metz
QP057019,Hauts De Vallières,57463,Metz
QP057020,Borny,57463,Metz
QP057021,Sablon Sud,57463,Metz
QP057022,La Patrotte - Metz-Nord,57463,Metz
QP057023,Quartier Saint-Eloy - Boileau-Pré Génie,57463; 57751,Metz; Woippy
QP057001,Quartier Saravis,57630,Sarrebourg
QP057010,Beausoleil,57631,Sarreguemines
QP057011,Vieille Ville Et Ville Haute,57631,Sarreguemines
QP057007,Côte Des Roses,57672,Thionville
QP057008,Quartier Saint Pierre - La Millaire,57672,Thionville
QP057009,Quartier Terrasses Des Provinces,57757,Yutz
QP058005,Saint Laurent,58086,Cosne-Cours-sur-Loire
QP058001,Grande Pâture - Les Montôts,58194,Nevers
QP058002,Le Banlay,58194,Nevers
QP058003,Les Bords De Loire,58194,Nevers
QP058004,La Baratte - Les Courlis,58194,Nevers
QP059001,Quartier Prioritaire De Hornaing,59314,Hornaing
QP059034,Quartier Prioritaire d'Aniche,59008; 59024,Aniche; Auberchicourt
QP059035,Quartier Prioritaire D'Auberchicourt Et Ecaillon,59024; 59185; 59390,Auberchicourt; Écaillon; Masny
QP059036,Quartier Prioritaire De Masny,59390,Masny
QP059037,Quartier Prioritaire De Montigny En Ostrevent,59414,Montigny-en-Ostrevent
QP059038,Barrois,59414; 59456,Montigny-en-Ostrevent; Pecquencourt
QP059039,Lemay Sainte Marie,59456,Pecquencourt
QP059040,Quartier Prioritaire De Somain,59501; 59574,Rieulay; Somain
QP059066,Pont de Bois,59009,Villeneuve-d'Ascq
QP059067,Résidence-Poste-Terroir,59009,Villeneuve-d'Ascq
QP059068,Résidence,,
QP059069,Attargette - Chanzy,59017,Armentières
QP059070,Bizet - Briquetterie,59017,Armentières
QP059071,Quartier Intercommunal Hautchamps Longchamp - Lionderie - 3 Baudets,59299; 59367; 59512,Hem; Lys-lez-Lannoy; Roubaix
QP059072,Pacot - Vandracq,59328,Lambersart
QP059073,Secteur Ouest,59350,Lille
QP059074,Secteur Sud,59220; 59346; 59350; 59360,Faches-Thumesnil; Lezennes; Lille; Loos
QP059075,Secteur Nord Est,59350,Lille
QP059076,Secteur Nord,59350,Lille
QP059077,Les Oliveaux,59360,Loos
QP059078,Clémenceau-Kiener,59360,Loos
QP059079,La Briquetterie,59378,Marcq-en-Barul
QP059080,Nouveau Mons - Les Sarts- Dombrowski,59009; 59350; 59410,Villeneuve-d'Ascq; Lille; Mons-en-Barul
QP059081,Comtesse De Ségur,59507,Ronchin
QP059082,Quartier Intercommunal Roubaix-Tourcoing - Blanc Seau - Croix Bas Saint Pierre,59163; 59512; 59599; 59650,Croix; Roubaix; Tourcoing; Wattrelos
QP059083,Nouveau Roubaix,59512,Roubaix
QP059084,La Mouchonnière,59560,Seclin
QP059085,Phalempins,59599,Tourcoing
QP059086,Virolois,59599,Tourcoing
QP059087,La Bourgogne,59599,Tourcoing
QP059088,Pont Rompu,59599,Tourcoing
QP059089,Blanc Riez,59648,Wattignies
QP059090,Epidéme Villas Couteaux,59599; 59650,Tourcoing; Wattrelos
QP059091,Centralité De Beaulieu,59650,Wattrelos
QP059020,Verrerie - Square République,59014; 59491,Anzin; Raismes
QP059021,Zone Intercommunale Rives De L'Escaut,59014; 59079; 59112; 59491; 59606,Anzin; Beuvrages; Bruay-sur-l'Escaut; Raismes; Valenciennes
QP059022,Cité Thiers - Cité Du Rivage,59112; 59207; 59491,Bruay-sur-l'Escaut; Escautpont; Raismes
QP059023,Centre Ville,59153,Condé-sur-l'Escaut
QP059024,Lecocq,59153,Condé-sur-l'Escaut
QP059025,Centre Ville,59253,Fresnes-sur-Escaut
QP059026,Le Trieu,59253,Fresnes-sur-Escaut
QP059027,Quatre Chasses Poudrière Faiencerie,59447; 59613,Onnaing; Vicq
QP059028,Centre Ville,59484,Quiévrechain
QP059029,La Pépinière,59544,Saint-Saulve
QP059030,Dutemple Chasse Royale Saint Waast - La Sentinelle,59014; 59564; 59606,Anzin; La Sentinelle; Valenciennes
QP059031,Zone Intercommunale Faubourg De Cambrai - La Briquette,59383; 59606,Marly; Valenciennes
QP059032,Cité Le Jard,59616,Vieux-Condé
QP059033,La Solitude Hermitage,59616,Vieux-Condé
QP059002,Auby Centre,59028,Auby
QP059003,Asturies - Belleforières,59028; 59509,Auby; Roost-Warendin
QP059004,Résidence Gayant,59178,Douai
QP059005,Flers En Escrebieux Pont De La Deûle - Dorignies,59178; 59234,Douai; Flers-en-Escrebieux
QP059006,Frais Marais,59178; 59569; 59654,Douai; Sin-le-Noble; Waziers
QP059007,Notre Dame - La Clochette - Le Bivouac,59178; 59569; 59654,Douai; Sin-le-Noble; Waziers
QP059008,Faubourg De Béthune,59165; 59178,Cuincy; Douai
QP059009,Les Epis,59569,Sin-le-Noble
QP059010,Haut Terroir - Le Vivier,59654,Waziers
QP059050,Centre,59172,Denain
QP059051,Boulevard De La Liberté,59179,Douchy-les-Mines
QP059052,Schneider,59205; 59361; 59504,Escaudain; Lourches; Rulx
QP059053,Couture Savonnerie,59205,Escaudain
QP059054,Gambetta,59172; 59205; 59361,Denain; Escaudain; Lourches
QP059055,Sabatier,59491,Raismes
QP059056,Brunehaut,,
QP059057,Collinière,59526,Saint-Amand-les-Eaux
QP059058,Elnon,59526,Saint-Amand-les-Eaux
QP059059,Arenberg,59491; 59632,Raismes; Wallers
QP059046,Vieux Centre Ville Saint Géry,59122,Cambrai
QP059047,Quartier Saint Roch,59122,Cambrai
QP059048,Quartier Amérique,59122,Cambrai
QP059049,Résidence D'Esnes,59122,Cambrai
QP059042,Centre Ville - Gambetta,59139,Caudry
QP059060,Petit Steendam,59155,Coudekerque-Branche
QP059061,Saint Pol Sur Mer Quartiers Ouest,59183,Dunkerque
QP059062,Banc Vert - Ile Jeanty - Carré De La Vieille - Jeu De mail,59183,Dunkerque
QP059063,Soubise - Basse Ville,59183,Dunkerque
QP059064,Albeck - Europe - Moulin,59271,Grande-Synthe
QP059065,Degroote,59588,Téteghem-Coudekerque-Village
QP059011,Les Explorateurs -  Place Du 8 Mai 1945 - Jean Jaurés - La Flamenne,59225,Feignies
QP059012,Quartier Du Village,59230,Ferrière-la-Grande
QP059013,Bois Du Quesnoy,59291,Hautmont
QP059014,Centre Lambreçon,59324,Jeumont
QP059015,Long Prés - Prés Du Paradis,59365,Louvroil
QP059016,Pont De Pierre,59392,Maubeuge
QP059017,Provinces Françaises,59392,Maubeuge
QP059018,L'Epinette,59392,Maubeuge
QP059019,Quartier Intercommunal Sous-Le Bois Montplaisir Rue D'Hautmont,59291; 59365; 59392; 59424,Hautmont; Louvroil; Maubeuge; Neuf-Mesnil
QP059044,Fourmies,59249,Fourmies
QP059041,Résidences Pasteur Et Foch,59295,Hazebrouck
QP059045,Cité Des Bois,59452,Ostricourt
QP059043,Coeur D'Etoile,59481,Le Quesnoy
QP062040,Cornuault,62321,Évin-Malmaison
QP060014,Les Sables,60157,Clermont
QP060009,Saint Jean,60057,Beauvais
QP060010,Saint Lucien,60057,Beauvais
QP060011,Argentine,60057,Beauvais
QP060006,Vivier Corax,60159,Compiègne
QP060007,Clos Des Roses,60159,Compiègne
QP060008,La Victoire,60159,Compiègne
QP060001,Les Hauts De Creil,60175,Creil
QP060002,Les Martinets,60414,Montataire
QP060003,Les Côteaux,60463,Nogent-sur-Oise
QP060004,Les Rochers L'Obier,60463,Nogent-sur-Oise
QP060005,Belle Vue Belle Visée,60684,Villers-Saint-Paul
QP060016,Quartier Kennedy,60176,Crépy-en-Valois
QP060015,Liancourt Les Abords Du Parc,,
QP060013,Quartier De La Nacre,60395,Méru
QP060017,Beauséjour,60471,Noyon
QP060018,Mont Siméon,60471,Noyon
QP060012,Les Terriers,60509,Pont-Sainte-Maxence
QP061006,Perseigne,61001,Alençon
QP061007,Courteille,61001,Alençon
QP061001,Les Provinces,61006,Argentan
QP061002,Saint Michel - Vallée D'Auge,61006,Argentan
QP061003,Saint Michel,61169,Flers
QP061004,Saint Sauveur,61169,Flers
QP061005,La Madeleine,61214,L'Aigle
QP062060,Quatre As,62004,Achicourt
QP062061,Arras Ouest,62041,Arras
QP062062,Saint Michel Goudemand,62041,Arras
QP062063,Cheminots Jean Jaurès Moulin Hacart,62004; 62041,Achicourt; Arras
QP062064,Nouvelles Résidences,62753; 62764,Saint-Laurent-Blangy; Saint-Nicolas
QP062058,Centre Historique,62014,Aire-sur-la-Lys
QP062002,Camus,62032,Angres
QP062016,Quartier Saint-Elie - Fosse 13,62276; 62401; 62464,Douvrin; Haisnes; Hulluch
QP062019,République - Cité 4,62065,Avion
QP062020,Cité Des Brebis,62186; 62563,Bully-les-Mines; Mazingarbe
QP062021,Cité Du Transvaal - Centre,62133; 62351,Billy-Montigny; Fouquières-lès-Lens
QP062022,Cité 5 - Cité 11,62386; 62528,Grenay; Loos-en-Gohelle
QP062023,Cité Bellevue,62413,Harnes
QP062024,Cité 12-14,62498; 62528,Lens; Loos-en-Gohelle
QP062025,Grande Résidence,62498; 62523; 62842,Lens; Loison-sous-Lens; Vendin-le-Vieil
QP062026,Cité 2,62498,Lens
QP062027,Sellier Cité 4,62498,Lens
QP062028,Calonne - Marichelles - Vent De Bise,62510,Liévin
QP062029,Les Hauts De Liévin - Résidence Des Provinces - Cités 9-9bis,62498; 62510; 62528,Lens; Liévin; Loos-en-Gohelle
QP062030,Blum - Salengro - 109,62510,Liévin
QP062031,3 Cités,62563,Mazingarbe
QP062032,Cité 10,62737,Sains-en-Gohelle
QP062033,Les Blanches Laines Fosse 11 12 13,62065; 62771,Avion; Sallaumines
QP062034,Quartier du 3/15,62133; 62570; 62628; 62771,Billy-Montigny; Méricourt; Noyelles-sous-Lens; Sallaumines
QP062035,Cité Des Taberneaux,62895,Wingles
QP062045,Quartier Du Maroc - La Canche,62570; 62724,Méricourt; Rouvroy
QP062047,Languedoc - Cité 10,62133; 62724,Billy-Montigny; Rouvroy
QP062036,Saint-Exupéry - Léon Blum,62040; 62525; 62765,Arques; Longuenesse; Saint-Omer
QP062037,Quai Du commerce - Saint Sépulcre,62765,Saint-Omer
QP062004,Centre Ville,62048,Auchel
QP062005,Quartier Des Cité 5 - Cité De Marles - Cité Du Rond-Point,62048; 62194; 62555,Auchel; Calonne-Ricouart; Marles-les-Mines
QP062006,Quartier Rimbert,62048; 62188,Auchel; Burbure
QP062007,Quartier Du Regain,62083; 62443,Barlin; Hersin-Coupigny
QP062008,Quartier Du Mont Liébaut,62119,Béthune
QP062009,Quartier De La Rue De Lille,62119; 62848,Béthune; Verquin
QP062010,Renaissance,62126; 62480,Beuvry; Labourse
QP062011,Le Centre,62178; 62400,Bruay-la-Buissière; Haillicourt
QP062012,Terrasses Basly,62178,Bruay-la-Buissière
QP062013,Quartier Coteau Du Stade Parc-Cité 34,62178; 62270,Bruay-la-Buissière; Divion
QP062014,Quartier Des Cités 6 Et 30,62194; 62270,Calonne-Ricouart; Divion
QP062015,Quartier Provinces - Longues Trinques,62048; 62217,Auchel; Cauchy-à-la-Tour
QP062017,Le Haut D'Houdain,62400; 62457,Haillicourt; Houdain
QP062018,Terre-Noeve,62617,Nux-les-Mines
QP062049,Damrémont,62160,Boulogne-sur-Mer
QP062050,Centre Ville,62160,Boulogne-sur-Mer
QP062051,Chemin Vert - Beaurepaire - Malborough,62160; 62758,Boulogne-sur-Mer; Saint-Martin-Boulogne
QP062052,Henriville - Montplaisir,,
QP062053,Quartier Tour Du Renard,62160; 62643; 62667,Boulogne-sur-Mer; Outreau; Le Portel
QP062054,Quartier Des Résidences,,
QP062057,Ville Centre,62516,Lillers
QP062055,Fort Nieulay - Cailloux - Saint-Pierre,62193,Calais
QP062056,Beau Marais,62193,Calais
QP062003,Plantigeons - Fosse 4,62215,Carvin
QP062038,Du Village Au Moulin,62249,Courcelles-lès-Lens
QP062039,Rotois - Saint Roch,62250,Courrières
QP062041,Macé - Darcy,62427,Hénin-Beaumont
QP062042,Ponchelet - Kennedy,62427,Hénin-Beaumont
QP062043,La Plaine Du 7,62250; 62351; 62587,Courrières; Fouquières-lès-Lens; Montigny-en-Gohelle
QP062044,Zac Des Deux Villes,62427; 62587,Hénin-Beaumont; Montigny-en-Gohelle
QP062046,Nouméa,62724,Rouvroy
QP062048,Quartier De La Haute Voie,62907,Libercourt
QP062059,Quartier De La Renaissance,62318,Étaples
QP062001,Quartier Du Mieux-Etre,62560,Marquise
QP063002,Saint-Jacques,63113,Clermont-Ferrand
QP063003,Quartiers Nord,63113,Clermont-Ferrand
QP063004,La Gauthière,63113,Clermont-Ferrand
QP063005,Fontaine Du Bac,63113,Clermont-Ferrand
QP063006,Cournon D'Auvergne,63124,Cournon-d'Auvergne
QP063001,Molles Cizolles,,
QP063007,Centre Ancien,63430,Thiers
QP064001,Maubec - Citadelle,64102,Bayonne
QP064002,Hauts De Sainte Croix,64102,Bayonne
QP064003,Saragosse,64445,Pau
QP064004,Ousse Des Bois,64445,Pau
QP065004,Ophite,65286,Lourdes
QP065001,Tarbes Ouest,65440,Tarbes
QP065002,Tarbes Nord,65440,Tarbes
QP065003,Tarbes Est,65440,Tarbes
QP066001,Centre Ville,66065,Elne
QP066002,Quartier Saint Assiscle,66136,Perpignan
QP066003,Quartier Gare,66136,Perpignan
QP066004,Quartier Bas-Vernet Ancien Zus,66136,Perpignan
QP066005,Diagonale Du Haut - Moyen-Vernet,66136,Perpignan
QP066006,Rois De Majorque,66136,Perpignan
QP066007,Bas-Vernet Nouveau QPV,66136,Perpignan
QP066008,Quartier Centre Ancien,66136,Perpignan
QP066009,Quartier Nouveau Logis,66136,Perpignan
QP066010,Quartier Champs De Mars,66136,Perpignan
QP067004,Quartiers Ouest,67043; 67447,Bischheim; Schiltigheim
QP067005,Guirbaden,67043,Bischheim
QP067006,Libermann,67218,Illkirch-Graffenstaden
QP067007,Quartier Prioritaire De Lingolsheim,,
QP067008,Marais,67447,Schiltigheim
QP067009,Hohberg,67482,Strasbourg
QP067010,Molkenbronn,67267; 67482,Lingolsheim; Strasbourg
QP067011,Hautepierre,67482,Strasbourg
QP067012,Koenigshoffen-Est,67482,Strasbourg
QP067013,Cronenbourg,67482,Strasbourg
QP067014,Elsau,67482,Strasbourg
QP067015,Laiterie,67482,Strasbourg
QP067016,Neuhof - Meinau,67482,Strasbourg
QP067017,Cité De L'Ill,67482,Strasbourg
QP067018,Spach,67482,Strasbourg
QP067019,Ampère,67482,Strasbourg
QP067020,Port Du Rhin,67482,Strasbourg
QP067021,Murhof,67482,Strasbourg
QP067001,Quartier Liberté,67046,Bischwiller
QP067002,Les Pins - Musau,67180,Haguenau
QP067003,Saverne - Quartiers Est,67437,Saverne
QP068010,Quartier Bel Air,68063,Cernay
QP068001,Florimont - Bel Air,68066,Colmar
QP068002,Europe - Schweitzer,68066,Colmar
QP068003,Quartier Les Coteaux,68224,Mulhouse
QP068004,Quartier De Bourtzwiller,68224,Mulhouse
QP068005,Péricentre,68224,Mulhouse
QP068006,Drouot - Jonquilles,68154; 68224,Illzach; Mulhouse
QP068007,Quartier Brustlein,68224,Mulhouse
QP068008,Markstein - La Forêt,68376,Wittenheim
QP068009,Quartier De La Gare,68297,Saint-Louis
QP069009,Aiguerande,69019,Belleville-en-Beaujolais
QP069005,Les Pérouses,69027,Brignais
QP069002,Monod,69266,Villeurbanne
QP069003,La Source,,
QP069004,Centre,69091,Givors
QP069010,Parilly,69029,Bron
QP069011,Terraillon - Chenier,69029; 69256,Bron; Vaulx-en-Velin
QP069012,Les Vernes,69091,Givors
QP069013,La Saulaie,69142; 69149,La Mulatière; Oullins-Pierre-Bénite
QP069014,Hautes Roches,69149,Oullins-Pierre-Bénite
QP069015,Minguettes - Clochettes,69199; 69259,Saint-Fons; Vénissieux
QP069016,Arsenal - Carnot-Parmentier,69199,Saint-Fons
QP069017,Les Collonges,69204,Saint-Genis-Laval
QP069018,Grande Île,69256,Vaulx-en-Velin
QP069019,Sud,69256,Vaulx-en-Velin
QP069020,Duclos - Barel,69259,Vénissieux
QP069021,Les Buers Sud,,
QP069022,Bel Air - Les Brosses,69266,Villeurbanne
QP069023,Saint-Jean,69266,Villeurbanne
QP069024,Les Buers Nord,69266,Villeurbanne
QP069025,Tonkin,69266,Villeurbanne
QP069026,Prainet,69275,Décines-Charpieu
QP069027,Le Mathiolan,69282,Meyzieu
QP069028,Ville Nouvelle,69286,Rillieux-la-Pape
QP069029,Bellevue,69290,Saint-Priest
QP069030,Garibaldi,69290,Saint-Priest
QP069031,Bel Air,69290,Saint-Priest
QP069032,Soeurs Janin,69123,Lyon
QP069033,Cités Sociales Gerland,69123,Lyon
QP069034,Moulin A Vent,69123,Lyon
QP069035,Etats-Unis - Langlet Santy,69123; 69259,Lyon; Vénissieux
QP069036,Mermoz,69123,Lyon
QP069037,Duchère,69123,Lyon
QP069038,Loucheur - Gorge De Loup,69123,Lyon
QP069039,Les Plaines,69091,Givors
QP069040,Vallon,69096,Grigny
QP069041,Le Vergoin,69123,Lyon
QP069042,Moncey,69123,Lyon
QP069043,Les Plantées,69282,Meyzieu
QP069006,Le Garet,69264,Villefranche-sur-Saône
QP069007,Béligny,69264,Villefranche-sur-Saône
QP069008,Belleroche,69092; 69115; 69264,Gleizé; Limas; Villefranche-sur-Saône
QP069001,Périmètre Nord De Ville,,
QP070005,Les Capucins,70279,Gray
QP070004,Les Chenevières,70285,Héricourt
QP070002,Le Mortard,70310,Lure
QP070003,Stade Messier,70311,Luxeuil-les-Bains
QP070001,Rêpes - Montmarin,70550,Vesoul
QP071008,Saint Pantaléon,71014,Autun
QP071001,Aubépins,71076,Chalon-sur-Saône
QP071002,Stade - Fontaine au Loup,,
QP071003,Prés Saint-Jean,71076,Chalon-sur-Saône
QP071009,Le Tennis,71153,Le Creusot
QP071010,Harfleur - République - Lapérouse,,
QP071011,Rives Du Plessis,71306,Montceau-les-Mines
QP071012,Bois Du Verne,71306,Montceau-les-Mines
QP071013,Résidence Du Lac,71540,Torcy
QP071004,La Chanaye - Résidence,71270,Mâcon
QP071005,Les Blanchettes,71270,Mâcon
QP071006,Les Saugeraies,71270,Mâcon
QP071007,Marbé,71270,Mâcon
QP072002,Chaoué Perrières,72003,Allonnes
QP072003,Bellevue Carnac,72095; 72181,Coulaines; Le Mans
QP072004,Ronceray Glonnières Vauguyon,72181,Le Mans
QP072005,Les Sablons,72181,Le Mans
QP072006,L' Epine,72181,Le Mans
QP072001,La Rocade,72264,Sablé-sur-Sarthe
QP072007,Montreux,72264,Sablé-sur-Sarthe
QP073003,Marlioz,,
QP073004,Val De Roses - Contamine,73011,Albertville
QP073001,Biollay - Bellevue,73065,Chambéry
QP073002,Les Hauts De Chambéry,73065,Chambéry
QP074001,Le Perrier - Château Rouge - Livron,74012,Annemasse
QP074002,Le Chalet - Helvetia Park,74133,Gaillard
QP074006,Bois Jolivet - Les Iles - Bellerive,74042,Bonneville
QP074003,Les Ewües,74081,Cluses
QP074005,Saint Georges - Route De Thairy,74243,Saint-Julien-en-Genevois
QP074004,Collonges Sainte-Hélène,74281,Thonon-les-Bains
QP075001,Bédier - Boutroux,75056,Paris
QP075002,Chaufourniers,75056,Paris
QP075003,Villa d'Este,75056,Paris
QP075004,Kellermann - Paul Bourget,75056,Paris
QP075005,Jeanne D'Arc - Clisson,,
QP075006,Oudiné - Chevaleret,75056,Paris
QP075007,Didot - Porte de Vanves,75056,Paris
QP075008,Porte De Saint-Ouen - Porte Pouchet,75056,Paris
QP075009,Blémont,75056,Paris
QP075010,Porte Montmartre - Porte Des Poissonniers - Moskova,75056,Paris
QP075011,La Chapelle - Evangile,75056,Paris
QP075012,Goutte D'Or,75056,Paris
QP075013,Porte De La Chapelle - Charles Hermite,75056,Paris
QP075014,Stalingrad Riquet,75056,Paris
QP075015,Michelet - Alphonse Karr - Rue de Nantes,75056,Paris
QP075016,Danube - Solidarité - Marseillaise,75056,Paris
QP075017,Algérie,75056,Paris
QP075018,Compans - Pelleport,,
QP075019,Les Portes Du Vingtième,75056,Paris
QP075020,Grand Belleville 10ème - 11ème - 20ème,75056,Paris
QP076027,Lalizel,76057,Barentin
QP076011,Plateau,76157,Canteleu
QP076012,Quartier Des Arts Et Des Fleurs - Feugrais,76178; 76561,Cléon; Saint-Aubin-lès-Elbeuf
QP076013,Parc Du Robec,76212,Darnétal
QP076014,Centre Ville,76231,Elbeuf
QP076015,Les Bouttières,76319,Grand-Couronne
QP076016,Diderot - Les Mesliers,,
QP076017,Quartier De Binche,76410,Maromme
QP076018,Le Quartier Jean Moulin,76474,Notre-Dame-de-Bondeville
QP076019,Oissel Sur Seine Nord,76484,Oissel
QP076020,Quartier De La Piscine,76498,Le Petit-Quevilly
QP076021,Grammont,76540,Rouen
QP076022,Les Hauts De Rouen,76095; 76540,Bihorel; Rouen
QP076023,Quartier Château Blanc,76575,Saint-Étienne-du-Rouvray
QP076024,Quartier Thorez - Grimau,76575,Saint-Étienne-du-Rouvray
QP076025,Quartier Hartmann - La Houssière,76575,Saint-Étienne-du-Rouvray
QP076026,Buisson - Gallouen,76575; 76681,Saint-Étienne-du-Rouvray; Sotteville-lès-Rouen
QP076001,Val Druel,76217,Dieppe
QP076002,Neuville,76217,Dieppe
QP076003,Les Bruyères,76217,Dieppe
QP076028,Parc Du Ramponneau,76259,Fécamp
QP076004,Centre Ville,76305,Gonfreville-l'Orcher
QP076005,Mont Gaillard,76351,Le Havre
QP076006,Centre Ancien - Quartiers Sud,76351,Le Havre
QP076007,Bois-De-Bléville,76351,Le Havre
QP076008,Bléville Nord,76351,Le Havre
QP076009,Bléville Sud,,
QP076010,Caucriauville Soquence,76351,Le Havre
QP077015,Les Fougères,77014,Avon
QP077005,Les Deux Parcs-Luzard,77083; 77337,Champs-sur-Marne; Noisiel
QP077006,L'Arche Guedon,77468,Torcy
QP077007,Le Mail,77468,Torcy
QP077002,La Grande Prairie,77108,Chelles
QP077003,Schweitzer - Laennec,77108,Chelles
QP077019,Les Templiers,77131,Coulommiers
QP077008,La Plaine De Lys - Bernard De Poret,77152,Dammarie-les-Lys
QP077009,Les Courtilleraie - Le Circé,77285,Le Mée-sur-Seine
QP077010,Plateau De Corbeil - Plein-ciel,77285; 77288,Le Mée-sur-Seine; Melun
QP077011,Les Mezereaux,77288,Melun
QP077012,L'Almont,77288,Melun
QP077016,Résidence Montmirail,77183,La Ferté-sous-Jouarre
QP077004,Orly Parc,77243,Lagny-sur-Marne
QP077013,Beauval Dunant,77284,Meaux
QP077022,Lugny Maronniers - Résidence Du Parc,77296,Moissy-Cramayel
QP077023,Centre Ville -  Quartier De L'Europe,77445,Savigny-le-Temple
QP077024,Droits De L'Homme,,
QP077014,Surville,77305,Montereau-Fault-Yonne
QP077020,Mont Saint Martin,77333,Nemours
QP077018,Anne Franck,77350,Ozoir-la-Ferrière
QP077017,Champbenoist,77379,Provins
QP077001,La Renardière,77390,Roissy-en-Brie
QP077021,Quartier République Vilvaudé,77514,Villeparisis
QP078009,Oiseaux,78123,Carrières-sous-Poissy
QP078010,Fleurs,78123,Carrières-sous-Poissy
QP078011,Noe-Feucherets,78138,Chanteloup-les-Vignes
QP078012,Cité Du Parc,78643,Vernouillet
QP078014,Alouettes,78124,Carrières-sur-Seine
QP078015,Plateau,78586,Sartrouville
QP078016,Vieux Pays,,
QP078004,Petits Prés  Sept Mares,,
QP078005,Pont Du Routoir 2,78297,Guyancourt
QP078006,Merisiers-Plaine De Neauphle,78621,Trappes
QP078007,Jean Macé,78621,Trappes
QP078008,Bois De L'Etang,78644,La Verrière
QP078013,Centre-Sud,78335,Limay
QP078001,Val Fourré,78361,Mantes-la-Jolie
QP078002,Merisiers Plaisances,78362,Mantes-la-Ville
QP078003,Domaine De La Vallée,78362,Mantes-la-Ville
QP078018,Friches,78383,Maurepas
QP078021,Cinq Quartiers,78440,Les Mureaux
QP078022,Cité Renault - Centre Ville,78440,Les Mureaux
QP078017,Valibout,78490,Plaisir
QP078019,Beauregard,78498,Poissy
QP078020,Saint Exupéry,78498,Poissy
QP079005,Valette,79049,Bressuire
QP079001,Clou Bouchet,79191,Niort
QP079002,Tour Chabot Gavacherie,79191,Niort
QP079003,Pontreau Colline Saint André,79191,Niort
QP079004,Les Capucins,79329,Thouars
QP080007,Soleil Levant,80001,Abbeville
QP080008,L'Espérance,80001,Abbeville
QP080009,Les Argillières,80001,Abbeville
QP080001,Étouvie,80021,Amiens
QP080002,Pierre Rollin,80021,Amiens
QP080003,Amiens Nord,80021,Amiens
QP080004,Marcel Paul Salamandre,80021,Amiens
QP080005,Condorcet Philéas Lebesgue,80021,Amiens
QP080006,Les Parcheminiers,80021,Amiens
QP081006,Cantepau,81004,Albi
QP081007,Veyrières Rayssac,81004,Albi
QP081008,Lapanouse,81004,Albi
QP081001,La Falgalarié,81021,Aussillon
QP081002,Laden Petit Train,81065,Castres
QP081003,Lameilhé,81065,Castres
QP081004,Aillot Bisséous Lardaillé,81065,Castres
QP081005,Centre Ville,81065,Castres
QP081009,Rajol - Cérou - Gourgatieux - Bouloc - Verrerie,81060,Carmaux
QP081010,Lentajou - Catalanis,81099,Gaillac
QP081011,Crins - En Gach,81105,Graulhet
QP082003,Centre Ville,82112,Moissac
QP082004,Sarlac,82112,Moissac
QP082001,Coeur de Ville,82121,Montauban
QP082002,Médiathèque - Chambord,82121,Montauban
QP083020,Centre Ville,83023,Brignoles
QP083021,Le Carami,83023,Brignoles
QP083002,Centre Ville,83050,Draguignan
QP083003,Les Collettes,83050,Draguignan
QP083004,Centre Ville,83086,Le Muy
QP083001,L'Agachon,83061,Fréjus
QP083018,La Gabelle,83061,Fréjus
QP083005,Romain Rolland,83062,La Garde
QP083006,Centre Ville,83069,Hyères
QP083007,Val Des Rougières,83069,Hyères
QP083008,Berthe,83126,La Seyne-sur-Mer
QP083009,Centre Ville,83126,La Seyne-sur-Mer
QP083010,La Beaucaire,83137,Toulon
QP083011,La Florane,83137,Toulon
QP083012,Pontcarral,83137,Toulon
QP083013,Pont Du Las- Rodeilhac,83137,Toulon
QP083014,Beaulieu- Sainte Marie,83137,Toulon
QP083015,Sainte Musse,83137,Toulon
QP083016,Centre Ville,83137,Toulon
QP083017,Le Jonquet- La Baume- Le Guynemer,83137,Toulon
QP083019,Centre Ville - Le Vergeiras,83073,Le Luc
QP084007,Quartiers Centre Ancien Et Sud Ouest,84089,Pertuis
QP084017,Centre Ancien Et Quartier De Saint Michel,84003,Apt
QP084002,Monclar Champfleury Rocade Sud Barbière Croix Des Oiseaux,84007,Avignon
QP084003,Quartiers Nord Est,84007,Avignon
QP084004,Quartier De Saint Chamand,84007,Avignon
QP084005,Quartiers Camp Rambaud - Les Mérides,84092,Le Pontet
QP084006,Quartiers Joffre Et Centre Ville,,
QP084022,Nord Du Centre Ancien Giono Ouest,84019,Bollène
QP084008,Centre Ville,84031,Carpentras
QP084009,Amandier - Eléphants,84031,Carpentras
QP084010,Pous Du Plan,84031,Carpentras
QP084011,Quintine - Villemarie - Ubac - Le Parc,84031,Carpentras
QP084020,Quartiers Dr Ayme Condamines Barillon Saint Martin Bon Puits Saint Gilles Ratacans,84035,Cavaillon
QP084021,Quartiers La Clède Gare Route De Pertuis Saint Anne,84035,Cavaillon
QP084018,Quartiers Nord - Ouest,84054,L'Isle-sur-la-Sorgue
QP084016,Quartiers Du Vieux Moulin Aux Mûriers,84080,Monteux
QP084001,Quartiers Griffons Et Centre Ville,84129,Sorgues
QP084012,Fourchevieilles Comtadines L'Aygues,84087,Orange
QP084013,Quartiers Nogent Saint Clément,84087,Orange
QP084014,Quartiers Générat Establet,84129,Sorgues
QP084015,Quartier De Chaffunes,84129,Sorgues
QP084019,Centre ancien - Les Tours - La Gaillarde - Mistral - Sévigné,84138,Valréas
QP085004,Centre - Moulins Liots,85092,Fontenay-le-Comte
QP085001,Jean Yole - Pyramides,85191,La Roche-sur-Yon
QP085002,Vigne-aux-Roses,85191,La Roche-sur-Yon
QP085003,Liberté - Zola,85191,La Roche-sur-Yon
QP086003,Bel Air,86194,Poitiers
QP086004,Trois Cités,86194; 86214,Poitiers; Saint-Benoît
QP086005,Couronneries,86041; 86194,Buxerolles; Poitiers
QP086006,Beaulieu,86194,Poitiers
QP086001,Lac Renardières Ozon,86066,Châtellerault
QP086002,Châteauneuf Centre Ville,86066,Châtellerault
QP087001,Portes Ferrées,87085,Limoges
QP087002,La Bastide,87085,Limoges
QP087003,Le Sablard,87085,Limoges
QP087004,Beaubreuil,87085,Limoges
QP087005,Val De L'Aurence Sud,87085,Limoges
QP087006,Val De L'Aurence Nord,87085,Limoges
QP087007,Les Coutures,87085,Limoges
QP087008,Bellevue,87085,Limoges
QP087009,Le Vigenal,87085,Limoges
QP088001,Bitola,88160,Épinal
QP088002,La Justice,88160,Épinal
QP088003,Le Haut Du Gras,88209,Golbey
QP088004,Le Rhumont,88383,Remiremont
QP088005,Saint Roch - L'Orme,88413,Saint-Dié-des-Vosges
QP088006,Kellermann,88413,Saint-Dié-des-Vosges
QP089001,La Rive Droite,89024,Auxerre
QP089002,Les Brichères - Sainte Geneviève,89024,Auxerre
QP089003,Les Rosoirs,89024,Auxerre
QP089005,La Madeleine,89206,Joigny
QP089004,Pompidou-Ravel,89257,Migennes
QP089006,Arènes - Champs Plaisants,89387,Sens
QP089007,Les Chaillots,89387,Sens
QP090001,Bougenel - Mulhouse,90010,Belfort
QP090002,Les Glacis Du Château,90010,Belfort
QP090003,Dardel La Méchelle,90010,Belfort
QP090004,Résidences Le Mont,90008; 90010,Bavilliers; Belfort
QP090005,Arsot Ganghoffer,90075; 90099,Offemont; Valdoie
QP091035,Quartier Sud,91021,Arpajon
QP091036,Le Tiec,91207,Égly
QP091028,Le Noyer Renard,91027,Athis-Mons
QP091029,Clos Nollet,91027,Athis-Mons
QP091030,Grand Vaux,91589,Savigny-sur-Orge
QP091001,Le Bois Des Roches,91570,Saint-Michel-sur-Orge
QP091007,Les Ardrets,91103,Brétigny-sur-Orge
QP091008,Les Aunettes,91235,Fleury-Mérogis
QP091009,La Grange Aux Cerfs,91549,Sainte-Geneviève-des-Bois
QP091010,Les Aunettes,91549,Sainte-Geneviève-des-Bois
QP091011,Les Hautes Mardelles,91114,Brunoy
QP091012,Plaine - Cinéastes,91215,Épinay-sous-Sénart
QP091013,Le Vieillet,91514,Quincy-sous-Sénart
QP091002,Les Tarterêts,91174,Corbeil-Essonnes
QP091003,Montconseil,91174,Corbeil-Essonnes
QP091004,La Nacelle,91174,Corbeil-Essonnes
QP091005,Rive Droite,91174,Corbeil-Essonnes
QP091016,Le Canal,91228,Évry-Courcouronnes
QP091017,Pyramides - Bois Sauvage,91228,Évry-Courcouronnes
QP091018,Les Aunettes,91228,Évry-Courcouronnes
QP091019,Champtier Du Coq,91228,Évry-Courcouronnes
QP091020,Petit Bourg,91228,Évry-Courcouronnes
QP091021,Le Parc Aux Lièvres,91228,Évry-Courcouronnes
QP091022,Les Passages,91228,Évry-Courcouronnes
QP091023,Les Epinettes,91228,Évry-Courcouronnes
QP091024,Champs Elysées,91228,Évry-Courcouronnes
QP091025,Le Plateau,91521,Ris-Orangis
QP091031,Les Bergeries,91201; 91657,Draveil; Vigneux-sur-Seine
QP091032,La Forêt,91421,Montgeron
QP091033,La Croix Blanche,91657,Vigneux-sur-Seine
QP091034,La Prairie De L'Oly,91421; 91657,Montgeron; Vigneux-sur-Seine
QP091037,Plateau De Guinette,91223,Étampes
QP091038,La Croix  De Vernailles,91223,Étampes
QP091026,La Grande Borne - Le Plateau,91687,Viry-Châtillon
QP091027,Grigny 2,91286,Grigny
QP091014,Bel Air - Rocade,91345,Longjumeau
QP091015,Bièvre Poterne - Zola,91377,Massy
QP091039,Opéra,91377,Massy
QP091006,Quartier Ouest,91692,Les Ulis
QP092004,Noyer Doré,92002,Antony
QP092005,Cité Jardins,92019,Châtenay-Malabry
QP092008,Abbé Grégoire - Mirabeau,92007,Bagneux
QP092009,Tertres-Cuverons,92007; 92014; 92032; 92071,Bagneux; Bourg-la-Reine; Fontenay-aux-Roses; Sceaux
QP092020,Cité Des Musiciens,92007,Bagneux
QP092002,Université I,92050,Nanterre
QP092003,Université II,92050,Nanterre
QP092006,Chemin De L'île,92050,Nanterre
QP092007,Le Parc,92050,Nanterre
QP092016,Petit Nanterre,92050,Nanterre
QP092012,Hauts d'Asnières,92004,Asnières-sur-Seine
QP092001,Bac D'Asnières - Beaujon,,
QP092014,Entrée De Ville,,
QP092011,Fossés Jean,92025,Colombes
QP092015,Petit Colombes,92025,Colombes
QP092021,Les Musiciens,92025,Colombes
QP092010,Les Courtilles,92036,Gennevilliers
QP092013,Agnettes,92036,Gennevilliers
QP092017,Grésillons Voltaire I - Gabriel Péri,,
QP092018,Grésillons Voltaire II - Grésillons,92036,Gennevilliers
QP092019,AIRE 2029,92078,Villeneuve-la-Garenne
QP093028,Franc Moisin - Cosmonautes - Cristino Garcia - Landy,93001; 93008; 93027; 93066,Aubervilliers; Bobigny; La Courneuve; Saint-Denis
QP093029,Centre Ville,93031,Épinay-sur-Seine
QP093030,Orgemont,93031,Épinay-sur-Seine
QP093031,La Source - Les Presles,93031,Épinay-sur-Seine
QP093032,Thorez-Géraux,93039,L'Île-Saint-Denis
QP093033,Méchin - Bocage,93039,L'Île-Saint-Denis
QP093034,Paul-Cachin,93039,L'Île-Saint-Denis
QP093035,Centre Ville - Chatenay - Maroc - Poètes,93059; 93072,Pierrefitte-sur-Seine; Stains
QP093036,Joncherolles - Fauvettes,93059,Pierrefitte-sur-Seine
QP093037,Plaine - Landy - Bailly,93066,Saint-Denis
QP093038,Pleyel,,
QP093039,Grand Centre - Sémard,93066,Saint-Denis
QP093040,Floréal Saussaie Allende,93066; 93072,Saint-Denis; Stains
QP093041,Plaine Trezel - Chaudron,93066,Saint-Denis
QP093042,Saint-Rémy - Joliot Curie - Bel Air,93066,Saint-Denis
QP093043,Langevin - Lavoisier - Tartres - Allende,93059; 93066,Pierrefitte-sur-Seine; Saint-Denis
QP093044,Cordon,93070,Saint-Ouen-sur-Seine
QP093045,Michelet - Les Puces - Debain,93070,Saint-Ouen-sur-Seine
QP093046,Vieux Saint-Ouen,93070,Saint-Ouen-sur-Seine
QP093047,Pasteur - Arago - Zola,93070,Saint-Ouen-sur-Seine
QP093048,Centre Elargi,93072,Stains
QP093049,Quartier Politique De La Ville,93079,Villetaneuse
QP093008,La Capsulerie,93006,Bagnolet
QP093009,Le Plateau - Les Malassis - La Noue,93006; 93048,Bagnolet; Montreuil
QP093010,Les Courtillières - Pont-De-Pierre,93008; 93055,Bobigny; Pantin
QP093011,Quartier Salengro - Gaston Roulaud - Centre Ville,93008; 93029,Bobigny; Drancy
QP093012,Blanqui,93010,Bondy
QP093014,Abreuvoir - Bondy Nord - Bondy Centre - Pont-De-Bondy - La Sablière - Secteur Sud,93007; 93008; 93010; 93053,Le Blanc-Mesnil; Bobigny; Bondy; Noisy-le-Sec
QP093015,Trois Communes - Fabien,93048; 93053; 93063,Montreuil; Noisy-le-Sec; Romainville
QP093016,Branly - Boissière,93048; 93053,Montreuil; Noisy-le-Sec
QP093018,Bel Air - Grands Pêchers - Ruffins - Le Morillon,93048,Montreuil
QP093019,Jean Moulin - Espoir,93048,Montreuil
QP093020,Béthisy,93053,Noisy-le-Sec
QP093021,Le Londeau,93053,Noisy-le-Sec
QP093022,La Boissière,93053,Noisy-le-Sec
QP093023,Sept Arpents - Stalingrad,93055,Pantin
QP093024,Quatre Chemins,93055,Pantin
QP093025,Marcel Cachin,93063,Romainville
QP093026,Quartier de L'Horloge,93063,Romainville
QP093027,Gagarine,93063,Romainville
QP093001,Secteur Gare - Aviatic,93013,Le Bourget
QP093002,Secteur Saint-Nicolas - Guynemer - Gai Logis,93013,Le Bourget
QP093004,Quartier Avenir Parisien,93029,Drancy
QP093005,Quartiers La Muette - Village Parisien,93008; 93029,Bobigny; Drancy
QP093006,Quartiers Economie - Les Oiseaux,93007; 93029,Le Blanc-Mesnil; Drancy
QP093007,Thorez - Larivière - Langevin - Moulin - Allende,93030,Dugny
QP093003,Haut Clichy - Centre Ville - Bosquets - Lucien Noel,93014; 93047,Clichy-sous-Bois; Montfermeil
QP093050,Rougemont,93005; 93071,Aulnay-sous-Bois; Sevran
QP093051,Montceleux - Pont Blanc,93071,Sevran
QP093052,Parc De La Noue - Picasso - Pasteur - Europe - Merisiers,93078,Villepinte
QP093053,Tremblay Grand Ensemble,93073,Tremblay-en-France
QP093054,Les Beaudottes,93005,Aulnay-sous-Bois
QP093055,Secteur Nord Pont-Yblon,93007; 93030,Le Blanc-Mesnil; Dugny
QP093056,Jean Moulin - Jean Bouin,93032,Gagny
QP093057,Les Peupliers,93032,Gagny
QP093058,Val Coteau,93050,Neuilly-sur-Marne
QP093059,Mont d'Est - Palacio,93051,Noisy-le-Grand
QP093060,Pavé-Neuf,93051,Noisy-le-Grand
QP093061,Champy - Hauts Bâtons,93051,Noisy-le-Grand
QP093017,Boissière - Saussaie-Beauclair,93064,Rosny-sous-Bois
QP093062,Pré-Gentil,93064,Rosny-sous-Bois
QP093063,Marnaudes - Bois-Perrier,93064,Rosny-sous-Bois
QP093013,Marnaudes - Fosse Aux Bergers - La Sablière,93010; 93077,Bondy; Villemomble
QP094004,Chantereine,94002,Alfortville
QP094005,Mont Mesly - La Habette - Coteaux Du Sud,94028,Créteil
QP094006,Petit Pré - Sablières,,
QP094007,Les Bleuets,94028,Créteil
QP094002,Irlandais - Paul Vaillant Couturier - Cherchefeuille,94003,Arcueil
QP094015,Péri - Schuman  Bergonié,94037; 94043,Gentilly; Le Kremlin-Bicêtre
QP094016,Chaperon Vert,94003; 94037,Arcueil; Gentilly
QP094017,Jardins Parisiens,94038,L'Haÿ-les-Roses
QP094018,Lallier,94021; 94038,Chevilly-Larue; L'Haÿ-les-Roses
QP094019,Jardins Parisiens - Stade,94038,L'Haÿ-les-Roses
QP094020,Alexandre Dumas,94076,Villejuif
QP094021,Lebon - Hochart - Mermoz (Lozaits Sud),94038; 94076,L'Haÿ-les-Roses; Villejuif
QP094022,Lozaits Nord - Grimau - Armand Gouret,94076,Villejuif
QP094042,Cité Jardins,,
QP094003,La Haie Griselle - La Hêtraie,94004; 94044,Boissy-Saint-Léger; Limeil-Brévannes
QP094001,Pierre Et Marie Curie,94041,Ivry-sur-Seine
QP094008,Gagarine,94041,Ivry-sur-Seine
QP094009,Ivry Port,94041,Ivry-sur-Seine
QP094010,Monmousseau,94041,Ivry-sur-Seine
QP094011,Colonel Fabien,94081,Vitry-sur-Seine
QP094012,Centre Ville : Defresne - Vilmorin - Robespierre,94081,Vitry-sur-Seine
QP094013,Commune De Paris - 8 Mai 1945,94081,Vitry-sur-Seine
QP094014,Balzac,,
QP094032,Quartier Sud,94022,Choisy-le-Roi
QP094023,Fabien,94011,Bonneuil-sur-Marne
QP094024,Les Quatre Cités,94017,Champigny-sur-Marne
QP094025,L'Egalité,94017,Champigny-sur-Marne
QP094026,Les Mordacs,94017,Champigny-sur-Marne
QP094027,Le Bois L'Abbé,94017; 94019,Champigny-sur-Marne; Chennevières-sur-Marne
QP094028,Le Plateau,94017,Champigny-sur-Marne
QP094029,La Redoute (Le Fort-Michelet),94033,Fontenay-sous-Bois
QP094030,Les Larris,94033,Fontenay-sous-Bois
QP094031,Quartier Est,94054,Orly
QP094033,Rives De La Marne,94068,Saint-Maur-des-Fossés
QP094034,Les Grands Champs,,
QP094035,Polognes-Centre Ville - Le Plateau - Saint-Martin,94044; 94074; 94078,Limeil-Brévannes; Valenton; Villeneuve-Saint-Georges
QP094036,Lutèce- Bergerie,94074,Valenton
QP094037,Centre Ville,94078,Villeneuve-Saint-Georges
QP094038,Le Quartier Nord,94078,Villeneuve-Saint-Georges
QP094039,Le Quartier Nord- Les Tours,94078,Villeneuve-Saint-Georges
QP094040,Triage,94078,Villeneuve-Saint-Georges
QP094041,Portes De Paris - Les Hautes-Noues,94079,Villiers-sur-Marne
QP095002,Justice - Butte Blanche,95018; 95063,Argenteuil; Bezons
QP095003,Champioux,95018,Argenteuil
QP095004,Brigadières - Henri Barbusse,95018; 95063,Argenteuil; Bezons
QP095005,Val D'Argent Nord,95018,Argenteuil
QP095006,Val D'Argent Sud,95018,Argenteuil
QP095007,Champagne,95018,Argenteuil
QP095008,Joliot Curie,95018,Argenteuil
QP095009,Centre Ville,95018,Argenteuil
QP095010,Delaune Masson Colomb,95063,Bezons
QP095032,Dame Blanche,95268,Garges-lès-Gonesse
QP095033,Lochères,95585,Sarcelles
QP095034,Carreaux - Fauconnière - Marronniers - Pôle Gare,95019; 95277; 95680,Arnouville; Gonesse; Villiers-le-Bel
QP095035,Saint Blin,95019; 95277,Arnouville; Gonesse
QP095036,Rosiers Chantepie,95585,Sarcelles
QP095037,Village - Mozart,95585,Sarcelles
QP095038,Village - Le Puits La Marlière - Derrière Les Murs De Monseigneur,95680,Villiers-le-Bel
QP095011,Axe Majeur - Horloge,95127,Cergy
QP095012,La Sébille,95127,Cergy
QP095013,Les Dix Arpents,95218,Éragny
QP095014,Le Moulinard,95476,Osny
QP095015,Marcouville,95500,Pontoise
QP095016,Louvrais,95500,Pontoise
QP095017,Chennevières - Parc Le Nôtre,95572,Saint-Ouen-l'Aumône
QP095018,Clos Du Roi,95323; 95637,Jouy-le-Moutier; Vauréal
QP095019,Les Toupets - Côte Des Carrières,95323; 95637,Jouy-le-Moutier; Vauréal
QP095039,Les Chênes,95219,Ermont
QP095022,Mare Des Noues,95219; 95252,Ermont; Franconville
QP095023,Montédour,95252,Franconville
QP095024,Les Naquettes,95306,Herblay-sur-Seine
QP095025,Les Frances,95424,Montigny-lès-Cormeilles
QP095026,Clos Saint Pierre Elargi,95488,Pierrelaye
QP095027,Bas Des Aulnaies - Carreaux Fleuris - Fontaine Bertin,95252; 95582,Franconville; Sannois
QP095028,Les Pins,95607,Taverny
QP095029,Les Sarments Et Les Nérins,95607,Taverny
QP095030,Cottage Elargi,95280,Goussainville
QP095031,Grandes Bornes Elargies,95280,Goussainville
QP095001,Noyer Crapaud,95598,Soisy-sous-Montmorency
QP095020,Les Lévriers,95427,Montmagny
QP095021,Centre Ville,95427,Montmagny
QP095041,Les Raguenets,95555,Saint-Gratien
QP095040,Le Village,95487,Persan
QP971001,Boissard-Morne Flory,97101,Les Abymes
QP971002,Vieux Bourg - Les Lauriers,97120; 97101,Pointe-à-Pitre; Les Abymes
QP971003,Grand Camp,97101,Les Abymes
QP971004,Cour Charneau-Raizet,97101,Les Abymes
QP971005,Raizet,97101,Les Abymes
QP971006,Bourg - Saint Robert - Cadet - Bois Raimbault- Jean Jaurès,97104,Baillif
QP971007,Bologne - Rivière Des Pères - Calebassier - Pintade - Chevalier Saint Georges - Mallian,97105,Basse-Terre
QP971008,Le Bourg,97107,Capesterre-Belle-Eau
QP971009,Sarlassone Petit Pérou,97107,Capesterre-Belle-Eau
QP971010,Bananier - Haute Plaine,,
QP971011,Champ Grille 2,97117,Le Moule
QP971012,Le Bourg,97117,Le Moule
QP971013,Mortenol,97120; 97101,Pointe-à-Pitre; Les Abymes
QP971014,Chemin Neuf Carénage Darboussier,97120; 97101,Pointe-à-Pitre; Les Abymes
QP971015,Le Bourg,97129,Sainte-Rose
QP971016,La Boucan,97129,Sainte-Rose
QP972001,Quartiers Ouest,97209,Fort-de-France
QP972002,Quartiers Sainte-Thérèse – Bon Air,97209,Fort-de-France
QP972003,Quartier Volga Plage,97209,Fort-de-France
QP972004,Quartier Haut Dillon,97209,Fort-de-France
QP972005,Frange Ouest Du Centre-Ville Aggloméré,97213,Le Lamentin
QP972006,Zone De Cité Lacroix Trou Terre Pointe Lynch,97222,Le Robert
QP972007,Tombolo City,97228,Sainte-Marie
QP973001,Anatole,97302,Cayenne
QP973002,Bonhomme,97302,Cayenne
QP973003,Pasteur Voltaire,,
QP973004,Cabassou,97302,Cayenne
QP973005,De Gaulle,97302,Cayenne
QP973006,Eau Lisette,97302,Cayenne
QP973007,Galmot,97302,Cayenne
QP973008,Village Chinois,97302,Cayenne
QP973009,Mango,97302,Cayenne
QP973010,Mirza,97302,Cayenne
QP973011,Mont Baduel,97302,Cayenne
QP973012,Centre-Ville Marché,97302,Cayenne
QP973013,Thémire,97302,Cayenne
QP973014,Eldo,97304,Kourou
QP973015,L'Anse,97304,Kourou
QP973016,Mairie-Bourg,97304,Kourou
QP973017,Soula,97305,Macouria
QP973018,Tonate,97305,Macouria
QP973019,Balata,97307,Matoury
QP973020,Cotonnière,97307,Matoury
QP973021,Cogneau Est,97307,Matoury
QP973022,Le Grand Larivot,97307,Matoury
QP973023,Sud Bourg,97307,Matoury
QP973024,Mahury-Dedrad Des Cannes,97309,Remire-Montjoly
QP973025,Résidence Arc En Ciel Alizées,,
QP973026,Lot Tarzan,,
QP973027,Balate-Charbonnière,97311,Saint-Laurent-du-Maroni
QP973028,Centre Ville,97311,Saint-Laurent-du-Maroni
QP973029,Fatima - Route De Mana,97311,Saint-Laurent-du-Maroni
QP973030,RN1-Les Sables Blancs,97311,Saint-Laurent-du-Maroni
QP973031,Saint-Jean,97311,Saint-Laurent-du-Maroni
QP973032,Saint-Maurice,97311,Saint-Laurent-du-Maroni
QP974001,Le Gol,97414,Saint-Louis
QP974002,Centre Ville,97414,Saint-Louis
QP974003,La Rivière,97414,Saint-Louis
QP974004,Roche Maigre,97414,Saint-Louis
QP974005,Bois de Nèfles Cocos,97414,Saint-Louis
QP974006,Cayenne - Butor - Les Quais,97412,Saint-Joseph
QP974007,Centre Ville - Cités,97412,Saint-Joseph
QP974008,Langevin,97412,Saint-Joseph
QP974009,Bois D'Olives,97416,Saint-Pierre
QP974010,Ravine Des Cabris,97416,Saint-Pierre
QP974011,Ravine Blanche,97416,Saint-Pierre
QP974012,Basse Terre  -  Joli Fond,97416,Saint-Pierre
QP974013,Terre Sainte,97416,Saint-Pierre
QP974014,Condé -  La Concession,97416,Saint-Pierre
QP974015,Le Verger - La Découverte,97418,Sainte-Marie
QP974016,Gaspard - La Réserve,97418,Sainte-Marie
QP974017,4ème Couronne,97407; 97408,Le Port; La Possession
QP974018,1ère et 2ème Couronne,97407,Le Port
QP974019,Coeur De Saint-Laurent,97407; 97408,Le Port; La Possession
QP974020,Cressonnière - Manguiers,97409,Saint-André
QP974021,Centre Ville,97409,Saint-André
QP974022,Petit Bazar - Chemin Du Centre - Fayard,97409,Saint-André
QP974023,Cambuston Centre,97409,Saint-André
QP974024,Sainte-Anne,97410,Saint-Benoît
QP974025,Rive Droite de Saint-Benoît,97410,Saint-Benoît
QP974026,Le Bas De La Rivière,97411,Saint-Denis
QP974027,Le Bas Maréchal Leclerc,97411,Saint-Denis
QP974028,Le Butor,97411,Saint-Denis
QP974029,Vauban,97411,Saint-Denis
QP974030,La Source - Bellepierre,97411,Saint-Denis
QP974031,Les Camélias,97411,Saint-Denis
QP974032,Sainte Clotilde - Le Chaudron,97411,Saint-Denis
QP974033,Moufia Les Bas,97411,Saint-Denis
QP974034,Primat,97411,Saint-Denis
QP974035,Moufia Les Hauts,97411,Saint-Denis
QP974036,Portail - Bois De Nèfles,97413,Saint-Leu
QP974037,Plateau Caillou Centre,97415,Saint-Paul
QP974038,Fleurimont,97415,Saint-Paul
QP974039,Eperon,97415,Saint-Paul
QP974040,Grande Fontaine,97415,Saint-Paul
QP974041,Savanna Kayamb  -  Corbeil Bout De L'Etang,97415,Saint-Paul
QP974042,Périphérie Du Centre Ville,97415,Saint-Paul
QP974043,Bel Air Centre Ville Village Desprez,97420,Sainte-Suzanne
QP974044,Bagatelle,97420,Sainte-Suzanne
QP974045,La Châtoire,97422,Le Tampon
QP974046,Les Trois Mares,97422,Le Tampon
QP974047,Les Araucarias,97422,Le Tampon
QP974048,Centre-ville,97422,Le Tampon
QP974049,Domenjod,,
QP976001,Quartier Prioritaire Du Village De Acoua,,
QP976002,Quartier Prioritaire De M'tsangadoua,,
QP976003,Quartier Prioritaire De Dzoumogné,,
QP976004,Quartier Prioritaire Du Village De Bandraboua,,
QP976005,Quartier Prioritaire De Bouyouni,,
QP976006,Quartier Prioritaire Du Village De Bandrélé,,
QP976007,Quartier Prioritaire De M'tsamoudou,,
QP976008,Quartier Prioritaire De Nyambadao,,
QP976009,Quartier Prioritaire Du Village De Bouéni,,
QP976010,Quartier Prioritaire Du Village De Chiconi,,
QP976011,Quartier Prioritaire De Poroani - Mréréni,,
QP976012,Quartier Prioritaire Du Village De Chirongui,,
QP976013,Quartier Prioritaire De Tsararano,,
QP976014,Quartier Prioritaire Du Village De Dembéni,,
QP976015,Quartier Prioritaire D'Iloni,,
QP976016,Quartier Prioritaire D'Ongoujou,,
QP976017,Quartier De La Vigie,,
QP976018,Quartier Prioritaire Du Village De Kani Kéli,,
QP976019,Quartier Prioritaire De Choungui,,
QP976020,Quartier Prioritaire De Majicavo Koropa,,
QP976021,Quartier Prioritaire Du Village De Koungou,,
QP976022,Quartier Prioritaire De Longoni,,
QP976023,Quartier Prioritaire De Kawéni,,
QP976024,Quartier Prioritaire De M'tsapéré - Cavani - M'Gombani,,
QP976025,Quartier Prioritaire Du Village De M'tsamboro,,
QP976026,Quartier Prioritaire De M'tsahara,,
QP976027,Quartier Prioritaire Du Village De M'tsangamouji,,
QP976028,Quartier Prioritaire De Chembenyoumba,,
QP976029,Quartier Prioritaire De Barakani,,
QP976030,Quartier Prioritaire De Kahani,,
QP976031,Quartier Prioritaire Du Village De Ouangani,,
QP976032,Quartier De La Vigie,,
QP976033,Quartier Prioritaire Du Village De Sada,,
QP976034,Quartier Prioritaire De Combani - Mroalé,,
QP976035,Quartier Prioritaire De Miréréni,,
QP976036,Quartier Prioritaire Du Village De Tsingoni,,
QP978001,Quartier D'Orléans - Gloire - Griselle,97801,Saint-Martin
QP978002,Sandy Ground,97801,Saint-Martin
QP987001,Arahiri,98712,Arue
QP987002,Erima,98712,Arue
QP987003,Fosmost,98712,Arue
QP987004,Pk5,98712,Arue
QP987005,Tearapae,98712,Arue
QP987006,Tefaaroa,98712,Arue
QP987007,Outuaramea,98715,Faaa
QP987008,Teroma,98715,Faaa
QP987009,Lilliane Bordes,98715,Faaa
QP987010,Outuaraia,98715,Faaa
QP987011,Tavararo,98715,Faaa
QP987012,Teriitehau,98715,Faaa
QP987013,Outuaraea,98715,Faaa
QP987014,Vaitupa,98715,Faaa
QP987015,Heiri,98715,Faaa
QP987016,St Hilaire,98715,Faaa
QP987017,Puurai,98715,Faaa
QP987018,Pamatai Haut,,
QP987019,Pamatai Centre,98715,Faaa
QP987020,Pamatai Bas,98715,Faaa
QP987021,Oremu,98715,Faaa
QP987022,Valle d'Orofara,98725,Mahina
QP987023,Tuiho-Haoa,98725,Mahina
QP987024,Valee d'Ahonu,98725,Mahina
QP987025,Valee de Tuauru,98725,Mahina
QP987026,Haapape,98725,Mahina
QP987027,Taharaa,98725,Mahina
QP987028,Atima Nui,98725,Mahina
QP987029,Hitimahana,98725,Mahina
QP987030,Fareroi,98725,Mahina
QP987031,Titine,98725,Mahina
QP987032,Matavai,98725,Mahina
QP987033,Atiha,98729,Moorea-Maiao
QP987034,Papetoai,98729,Moorea-Maiao
QP987035,Maharepa,98729,Moorea-Maiao
QP987036,Paopao,98729,Moorea-Maiao
QP987037,Afareaitu,98729,Moorea-Maiao
QP987038,Teavaro,98729,Moorea-Maiao
QP987039,Haapiti,98729,Moorea-Maiao
QP987040,Vaihere,98729,Moorea-Maiao
QP987041,Urufara,98729,Moorea-Maiao
QP987042,Maraa,98733,Paea
QP987043,Vaitupa Robson,98733,Paea
QP987044,Vaiterupe,98733,Paea
QP987045,Orofero,98733,Paea
QP987046,Tiapa,98733,Paea
QP987047,Vaiatu,98733,Paea
QP987048,Tiamao,98734,Papara
QP987049,Afarerii,98734,Papara
QP987050,Tarirea,98734,Papara
QP987051,Taharuu,98734,Papara
QP987052,Carriere,98734,Papara
QP987053,Estall,98735,Papeete
QP987054,Manuhoe,98735,Papeete
QP987055,Mamao,98735,Papeete
QP987056,Vaitavatava,98735,Papeete
QP987057,Titioro,98735,Papeete
QP987058,Tipaerui,98735,Papeete
QP987059,Arupa-Puea-Vaininiore,98735,Papeete
QP987060,Mission,98735,Papeete
QP987061,Fautaua Val,98736,Pirae
QP987062,Hamuta,98736,Pirae
QP987063,Fautaua,98736,Pirae
QP987064,Atimaro,98736,Pirae
QP987065,Nahoata,98736,Pirae
QP987066,Taapuna,98738,Punaauia
QP987067,Punavai,98738,Punaauia
QP987068,Puna,98738,Punaauia
QP987069,Outumaoro Hauts,98738,Punaauia
QP987070,Nina Peata Fuller,98738,Punaauia
QP987071,Motio,,
QP987072,Maeva Beach,98738,Punaauia
QP987073,Vaitavere,98738,Punaauia
QP987074,Atehi,,
QP987075,Bel Air,98738,Punaauia
QP987076,Atiue,98738,Punaauia
QP02A002,Salines,2A004,Ajaccio
QP02A003,Les Jardins De l'Empereur,,
QP02A001,Pifano,2A247,Porto-Vecchio
QP02B001,Quartier Sud,2B033,Bastia
QP02B002,Centre Ancien,2B033,Bastia
